customer_id,Country
12763,Japan
12586,Italy
17019,UK
15750,UK
12735,France
14156,EIRE
16212,UK
14499,UK
13985,UK
15521,UK
15813,UK
13811,Germany
12700,France
17935,UK
14342,UK
15746,UK
15701,UK
15636,UK
17480,UK
16052,UK
15142,UK
17495,UK
16905,UK
15660,UK
13959,UK
16748,UK
16497,UK
17862,UK
15052,UK
14130,UK
16297,UK
17716,UK
14461,UK
14410,UK
15865,UK
13572,UK
16146,UK
16364,UK
17045,UK
16268,UK
12602,France
17111,UK
15163,UK
14349,UK
14404,UK
12652,France
14341,UK
13709,UK
14006,UK
12662,Germany
14730,UK
13577,UK
18242,UK
12412,Denmark
12642,Germany
12592,Germany
13774,UK
13456,UK
16311,UK
13721,UK
16754,UK
17218,UK
15032,UK
15358,UK
16470,UK
15527,UK
16771,UK
13048,UK
15831,UK
16339,UK
17048,UK
12881,UK
15424,UK
17624,UK
15489,UK
16266,UK
15921,UK
14264,UK
14720,UK
12464,Belgium
12657,France
14931,Channel Islands
16157,UK
15637,UK
17420,UK
12838,UK
15002,UK
15503,UK
17449,UK
16271,UK
12437,France
17571,UK
13425,UK
16992,UK
14267,UK
15674,UK
13462,UK
15201,UK
12449,Belgium
15895,UK
15205,UK
13249,UK
13356,UK
13351,UK
18033,UK
14427,UK
17608,UK
18117,UK
16513,UK
14527,UK
13652,UK
14371,UK
16394,UK
13636,UK
12584,Italy
12604,France
16769,UK
15901,UK
18143,UK
15978,UK
14357,UK
15872,UK
17911,UK
17525,UK
18125,UK
18159,UK
13533,UK
13220,UK
17429,UK
13131,UK
14745,UK
12732,France
14305,UK
17333,UK
15803,UK
13978,UK
14382,UK
17596,UK
18116,UK
16407,UK
17050,UK
14936,Channel Islands
15918,UK
16837,UK
15434,UK
15506,UK
12375,Finland
16036,UK
15276,UK
15327,UK
13160,UK
12558,USA
16303,UK
14541,UK
13328,UK
15087,UK
15806,UK
17758,UK
13995,UK
17187,UK
14883,UK
16116,UK
13435,UK
18252,UK
16384,UK
14780,UK
15320,UK
12827,UK
16732,UK
16835,UK
14850,UK
18119,UK
16003,UK
14985,UK
14653,UK
12820,UK
17337,UK
16242,UK
13650,UK
12569,Germany
17783,UK
15852,UK
13398,UK
15675,UK
17267,UK
15587,UK
12492,Germany
14975,UK
14121,UK
17643,UK
14395,UK
17691,UK
13078,UK
16252,UK
14498,UK
16875,UK
17365,UK
15812,UK
13151,UK
18188,UK
16709,UK
14013,UK
13133,UK
12523,France
13118,UK
13098,UK
14880,UK
14857,UK
12743,Unspecified
18027,UK
17244,UK
13822,UK
16070,UK
14765,UK
12531,Germany
17914,UK
16955,UK
15100,UK
12721,France
13310,UK
12754,Japan
16592,UK
15437,UK
15644,UK
12363,Unspecified
18213,UK
13761,UK
13575,UK
18064,UK
14557,UK
13336,UK
15492,UK
18085,UK
14344,UK
17890,UK
13317,UK
18097,UK
16013,UK
17569,UK
18069,UK
12852,UK
15257,UK
15220,UK
14348,UK
14132,UK
16869,UK
12904,UK
15280,UK
15182,UK
15467,UK
16948,UK
13808,UK
16207,UK
17397,UK
16479,UK
16503,UK
15822,UK
14414,UK
15281,UK
13862,UK
18210,UK
17250,UK
17625,UK
16365,UK
12982,UK
12886,UK
14353,UK
16463,UK
14842,UK
15840,UK
13311,UK
13236,UK
15593,UK
16847,UK
14748,UK
13155,UK
15353,UK
13230,UK
12753,Japan
16553,UK
16655,UK
15270,UK
17537,UK
14227,UK
15622,UK
13592,UK
13035,UK
13740,UK
17169,UK
14523,UK
16978,UK
13573,UK
14102,UK
13211,UK
16743,UK
15291,UK
13693,UK
14779,UK
16928,UK
13477,UK
17519,UK
16657,UK
16386,UK
15780,UK
15491,UK
17720,UK
13235,UK
16818,UK
13384,UK
12919,UK
14456,UK
17451,UK
13372,UK
15533,UK
14014,UK
16921,UK
13917,UK
17579,UK
14189,UK
17675,UK
12872,UK
12928,UK
15549,UK
16871,UK
16859,UK
17966,UK
14129,UK
12408,Belgium
13637,UK
15143,UK
15582,UK
14731,UK
12493,France
15184,UK
16358,UK
12635,Germany
15786,UK
13960,UK
12824,UK
16830,UK
14893,UK
17772,UK
17383,UK
17412,UK
15048,UK
13089,UK
16161,UK
17256,UK
14127,UK
17507,UK
13584,UK
15236,UK
13884,UK
15308,UK
15671,UK
14246,UK
13711,UK
18204,UK
17040,UK
13167,UK
15089,UK
18261,UK
15522,UK
15949,UK
14485,UK
16445,UK
14950,UK
15471,UK
17682,UK
16654,UK
17220,UK
16711,UK
12616,France
15755,UK
15251,UK
16249,UK
18078,UK
15334,UK
16674,UK
15066,UK
18035,UK
16648,UK
13532,UK
13705,UK
13569,UK
14896,UK
15903,UK
16441,UK
18114,UK
13199,UK
14628,UK
14393,UK
13941,UK
15714,UK
12607,USA
18181,UK
17904,UK
17238,UK
16065,UK
13756,UK
14732,UK
17329,UK
13802,UK
12410,Switzerland
14276,UK
15869,UK
17629,UK
15186,UK
12455,Spain
13583,UK
13486,UK
15683,UK
13273,UK
17747,UK
17919,UK
15127,UK
13690,UK
17836,UK
13739,UK
17850,UK
17732,UK
16898,UK
15079,UK
18190,UK
14233,UK
15990,UK
15815,UK
17719,UK
14403,UK
13134,UK
13772,UK
13617,UK
17159,UK
17464,UK
14552,UK
12828,UK
12384,Switzerland
14607,UK
17219,UK
14789,UK
17636,UK
14723,UK
15641,UK
16316,UK
14209,UK
15171,UK
14329,UK
13800,UK
17843,UK
12619,Germany
13618,UK
17750,UK
16780,UK
14335,Germany
13602,UK
12938,UK
14775,UK
13000,UK
18212,UK
14897,UK
13184,UK
14447,UK
15019,UK
13316,UK
12770,Japan
17781,UK
15438,UK
16629,UK
15933,UK
14145,UK
15274,UK
18011,UK
13506,UK
15898,UK
16873,UK
16899,UK
17315,UK
15799,UK
14782,UK
15448,UK
17604,UK
16494,UK
16980,UK
14656,UK
14676,UK
14388,UK
14149,UK
17242,UK
12715,Sweden
15571,UK
16790,UK
17947,UK
17461,UK
13603,UK
17858,UK
17860,UK
14952,UK
15034,UK
14334,UK
14727,UK
13368,UK
14970,UK
13548,UK
13762,UK
14584,UK
13115,UK
13866,UK
17447,UK
15793,UK
16500,UK
12472,Germany
13402,UK
12483,Sweden
14889,UK
15974,UK
14854,UK
16728,UK
15449,UK
17088,UK
12461,Switzerland
17647,UK
16313,UK
15963,UK
15435,UK
17286,UK
15857,UK
14756,UK
15867,UK
13599,UK
12942,UK
15805,UK
13171,UK
16940,UK
13950,UK
17764,UK
14477,UK
18122,UK
15942,UK
14076,UK
14887,UK
16085,UK
13685,UK
17832,UK
16127,UK
14974,UK
15009,UK
17301,UK
14688,UK
15922,UK
15860,UK
12681,France
15858,UK
17338,UK
17001,UK
15157,UK
17324,UK
14916,UK
12625,Germany
16525,UK
17705,UK
12988,UK
14336,UK
14064,UK
16022,UK
13357,UK
15027,UK
16230,UK
17423,UK
13658,UK
18013,UK
12722,France
17070,UK
12434,Australia
13759,UK
14317,UK
15264,UK
12667,Finland
15597,UK
14882,UK
14741,UK
17235,UK
15680,UK
12731,France
15998,UK
13178,UK
15456,UK
17364,UK
15673,UK
13396,UK
12462,Spain
14431,UK
14483,UK
14000,UK
16949,UK
17266,UK
16803,UK
12885,UK
14624,UK
13464,UK
17081,UK
13318,UK
15645,UK
17025,UK
13777,UK
16679,UK
17950,UK
17076,UK
15394,UK
18245,UK
12352,Norway
17092,UK
17164,UK
13743,UK
18108,UK
17997,UK
12833,UK
18081,UK
15071,UK
12772,Portugal
14629,UK
15716,UK
15039,UK
17470,UK
17041,UK
14828,UK
15167,UK
12727,France
12853,UK
16084,UK
15321,UK
12955,UK
17802,UK
13420,UK
12556,Spain
14125,UK
13927,UK
12446,RSA
14902,UK
17793,UK
15783,UK
14829,UK
16143,UK
14085,UK
16163,UK
14062,UK
14867,UK
16356,UK
12759,Netherlands
17864,UK
14291,UK
16823,UK
18221,UK
14162,UK
16582,UK
16959,UK
17628,UK
14412,UK
14126,UK
16954,UK
17913,UK
14258,UK
17082,UK
15932,UK
15386,UK
13631,UK
14481,UK
15578,UK
15306,UK
16054,UK
16201,UK
15365,UK
16689,UK
16999,UK
18022,UK
18139,UK
14396,UK
12395,Belgium
17811,UK
14409,UK
14497,UK
15114,UK
15406,UK
15026,UK
17817,UK
14112,UK
14312,UK
13662,UK
14163,UK
12656,France
15376,UK
15494,UK
13928,UK
13579,UK
15535,UK
17371,UK
13426,UK
15464,UK
12501,Germany
13725,UK
15234,UK
16511,UK
13341,UK
12769,Brazil
13365,UK
17505,UK
14690,UK
12664,Finland
18018,UK
15690,UK
13196,UK
13954,UK
14067,UK
12631,Finland
14567,UK
13974,UK
15158,UK
18209,UK
17062,UK
15602,UK
12683,France
14448,UK
18092,UK
15820,UK
17542,UK
17152,UK
13132,UK
12545,Spain
12409,Switzerland
17660,UK
17777,UK
15681,UK
18034,UK
17031,UK
13521,UK
13138,UK
16638,UK
17007,UK
17504,UK
13754,UK
14442,Channel Islands
13309,UK
13517,UK
17344,UK
17623,UK
12784,Portugal
16856,UK
13147,UK
18015,UK
18229,UK
15658,UK
18118,UK
17655,UK
16019,UK
15460,UK
13304,UK
14368,UK
14659,UK
17730,UK
14407,UK
14847,UK
14331,UK
13812,Germany
14212,UK
13876,UK
17509,UK
15000,UK
16415,UK
12603,Germany
17232,UK
12953,UK
15023,UK
16684,UK
14735,UK
14224,UK
17619,UK
14562,UK
15092,UK
15049,UK
12902,UK
14957,UK
18079,UK
14515,UK
18101,UK
13813,Germany
13925,UK
15105,UK
18045,UK
14001,UK
13488,UK
14037,UK
12540,Spain
12417,Belgium
14778,UK
17090,UK
16598,UK
17268,UK
13339,UK
17015,UK
17728,UK
14642,UK
17831,UK
17791,UK
12374,Austria
14675,UK
17659,UK
12841,UK
13069,UK
15570,UK
15024,UK
18004,UK
14769,UK
13817,Germany
15841,UK
12811,Portugal
12901,UK
14271,UK
17988,UK
16189,UK
15523,UK
14473,UK
13923,UK
15853,UK
18067,UK
15156,UK
15301,UK
16265,UK
14290,UK
14600,UK
12580,Germany
15147,UK
15210,UK
15796,UK
15705,UK
16117,UK
17299,UK
17899,UK
16836,UK
16723,UK
15185,UK
16932,UK
15345,UK
16903,UK
16720,UK
14646,Netherlands
12559,Germany
14496,UK
16332,UK
17711,UK
17139,UK
14924,UK
17415,UK
12398,Switzerland
18110,UK
16956,UK
17320,UK
13173,UK
12709,Germany
14217,UK
13523,UK
16727,UK
17231,UK
17580,UK
17460,UK
17612,UK
14231,UK
15106,UK
15980,UK
18133,UK
15292,UK
14511,UK
14184,UK
12893,UK
16433,UK
14581,UK
16983,UK
17223,UK
12370,Cyprus
14621,UK
15296,UK
13675,UK
17107,UK
12614,Germany
13405,UK
16593,UK
14284,UK
15814,UK
16274,UK
17146,UK
12480,Germany
15226,UK
12891,UK
15067,UK
12564,France
12792,Portugal
14105,UK
17854,UK
13831,UK
14647,UK
12426,Germany
13643,UK
17651,UK
14960,UK
14645,UK
14400,UK
13296,UK
13953,UK
12739,United Arab Emirates
12794,Portugal
12566,Germany
13598,UK
15269,UK
14696,UK
17499,UK
16792,UK
16037,UK
12909,UK
17774,UK
14700,UK
12473,Germany
14375,UK
14561,UK
12405,Finland
13130,UK
15311,UK
16891,UK
12766,Portugal
18106,UK
12422,Australia
16073,UK
12598,France
14071,UK
16444,UK
16721,UK
13439,UK
13730,UK
15795,UK
17649,UK
15553,UK
16120,UK
14953,UK
16539,UK
13102,UK
17442,UK
12785,Portugal
14220,UK
15058,UK
13475,UK
13421,UK
13005,UK
16188,UK
17856,UK
16232,UK
17731,UK
15623,UK
14768,UK
17805,UK
16504,UK
12367,Denmark
17671,UK
15443,UK
15218,UK
12401,Belgium
13516,UK
15508,UK
16342,UK
12444,Norway
12546,Spain
16753,UK
18249,UK
17290,UK
14729,UK
12686,France
16718,UK
17400,UK
17686,UK
14004,UK
14056,UK
12669,France
14719,UK
16105,UK
14759,UK
17263,UK
18048,UK
17349,UK
16774,UK
15505,UK
15577,UK
13667,UK
13026,UK
13061,UK
15526,UK
12890,UK
13142,UK
16059,UK
16596,UK
16676,UK
16182,UK
14903,UK
14066,UK
18008,UK
13736,UK
13695,UK
14823,UK
12627,Germany
16902,UK
16169,UK
12508,France
16366,UK
15983,UK
15574,UK
17674,UK
18102,UK
13798,UK
13487,UK
13253,UK
13590,UK
14912,Italy
14242,UK
16647,UK
13437,UK
18017,UK
16498,UK
14965,UK
12526,Germany
15091,UK
12512,Israel
12386,Australia
18071,UK
15547,UK
18032,UK
12601,Germany
14270,UK
12576,Poland
12561,Germany
17454,UK
16509,UK
13018,UK
14476,UK
18263,UK
17140,UK
12693,Germany
16139,UK
15453,UK
13686,UK
17887,UK
12640,France
13260,UK
16413,UK
15667,UK
13651,UK
17297,UK
13428,UK
15955,UK
16893,UK
15529,UK
17428,UK
13948,UK
16458,UK
13491,UK
12503,Spain
13280,UK
13784,UK
15864,UK
13623,UK
18094,UK
16333,UK
14195,UK
16933,UK
12830,UK
13388,UK
12940,UK
14550,UK
15957,UK
12498,Germany
14390,UK
12967,UK
16713,UK
15606,UK
14784,UK
13742,UK
14738,UK
12372,Denmark
14962,UK
12849,UK
15457,UK
15800,UK
15407,UK
18235,UK
18262,UK
15254,UK
16961,UK
12912,UK
17954,UK
17551,UK
15789,UK
16560,UK
16353,UK
13593,UK
13001,UK
13894,UK
17749,UK
17664,UK
13810,Germany
16616,UK
16814,UK
17646,UK
14565,UK
14871,UK
15615,UK
17744,UK
12594,Italy
12857,UK
14944,UK
16023,UK
15225,UK
13723,UK
14820,UK
13109,UK
14885,UK
14096,UK
17144,UK
15576,UK
13522,UK
15531,UK
14639,UK
16833,UK
14321,UK
12402,Belgium
16378,UK
16261,UK
14191,UK
16832,UK
13507,UK
14673,UK
17937,UK
17293,UK
16889,UK
13898,UK
13815,Germany
14475,UK
14035,UK
15493,UK
18185,UK
17873,UK
15985,UK
12815,Poland
12915,UK
15480,Malta
16379,UK
14109,UK
14201,UK
15516,UK
14863,UK
18225,UK
12726,France
15569,UK
14044,UK
13137,UK
13893,UK
15724,UK
13064,UK
15888,UK
15239,UK
15762,UK
15721,UK
18239,UK
16919,UK
17259,UK
16499,UK
14532,UK
12510,Spain
15174,UK
17859,UK
12597,Spain
14623,UK
14697,UK
13546,UK
12844,UK
14869,UK
16595,UK
14830,UK
16026,UK
16352,UK
17538,UK
17613,UK
16405,UK
13557,UK
13505,Switzerland
15768,UK
13427,UK
12355,Bahrain
17759,UK
17405,UK
13023,UK
15136,UK
16485,UK
18277,UK
15720,UK
13560,UK
13153,UK
17965,UK
16550,UK
14680,UK
12951,UK
12997,UK
16110,UK
14292,UK
18183,UK
16807,UK
14397,UK
12684,France
14221,UK
12380,Belgium
15272,UK
12420,Cyprus
12966,UK
16722,UK
14413,UK
15159,UK
16206,UK
13634,UK
12373,Austria
15809,UK
12654,Germany
13014,UK
13266,UK
17061,UK
16369,UK
14722,UK
17603,UK
15297,UK
16430,UK
14484,UK
17432,UK
17650,UK
17059,UK
12708,Germany
15919,UK
16943,UK
17373,UK
13932,UK
15834,UK
12520,Germany
12435,Denmark
16216,UK
16253,UK
16834,UK
14493,UK
17984,UK
13850,UK
12612,Germany
16416,UK
15950,UK
15164,UK
16843,UK
17889,UK
12455,Cyprus
12707,France
16080,UK
16947,UK
13389,UK
15620,UK
17578,UK
17361,UK
16734,UK
13644,UK
17459,UK
13292,UK
17668,UK
15544,UK
17827,UK
13221,UK
15970,UK
16126,UK
13718,UK
14536,UK
16681,UK
13294,UK
16172,UK
15117,UK
14691,UK
15969,UK
15609,UK
18265,UK
13806,UK
16934,UK
14799,UK
14362,UK
13329,UK
13982,UK
17912,UK
17033,UK
18226,UK
17555,UK
14167,UK
15572,UK
18189,UK
13046,UK
17134,UK
18191,UK
14009,UK
15747,UK
12465,Belgium
13116,UK
15639,UK
18001,UK
14595,UK
17321,UK
12719,France
16363,UK
14381,UK
17350,UK
15444,UK
16751,UK
12712,Germany
13999,UK
17306,UK
16014,UK
15227,UK
18236,UK
17109,UK
15704,UK
12674,France
17245,UK
16325,UK
13095,UK
16882,UK
12583,France
15738,UK
17618,UK
14092,UK
12515,Italy
14299,UK
13246,UK
12653,Israel
13373,UK
17886,UK
17054,UK
15187,UK
16877,UK
17248,UK
16872,UK
12703,Germany
12430,Norway
12544,Spain
16094,UK
14466,UK
12748,UK
15502,UK
14643,UK
16567,UK
12939,UK
13601,UK
17867,UK
17870,UK
13186,UK
15975,UK
13369,UK
15384,UK
16618,UK
12350,Norway
17282,UK
15382,UK
13626,UK
16193,UK
14973,UK
16389,UK
17828,Malta
15664,UK
13170,UK
13769,UK
16010,UK
12500,Germany
15326,UK
14133,UK
15129,UK
13345,UK
16440,UK
17489,UK
17521,UK
15349,UK
16950,UK
13621,UK
13375,UK
13431,UK
16715,UK
16563,UK
14179,UK
12630,Finland
17197,UK
14135,UK
16081,UK
17978,UK
15835,UK
13209,UK
16766,UK
13139,UK
12757,Portugal
14818,UK
17724,UK
13500,UK
14301,UK
12513,France
14566,Channel Islands
16589,UK
16049,UK
13297,UK
17014,UK
17453,UK
18164,UK
16318,UK
16406,UK
12551,Spain
12507,Spain
15785,UK
14110,UK
16135,UK
17438,UK
12999,UK
13647,UK
12360,Austria
15073,UK
13244,UK
15707,UK
13165,UK
13363,UK
17387,UK
16505,UK
17022,UK
18082,UK
13828,UK
17458,UK
15605,UK
15601,UK
14088,UK
16523,UK
12362,Belgium
14315,UK
17795,UK
14465,UK
15128,UK
16360,UK
13518,UK
17506,UK
13212,UK
13473,UK
15801,UK
14073,UK
15951,UK
15195,UK
15923,UK
16916,UK
14479,UK
12490,France
13911,UK
16475,UK
16693,UK
13752,UK
13678,UK
14947,UK
12936,UK
15475,UK
14251,UK
14582,UK
15458,UK
12713,Germany
15555,UK
17593,UK
13881,UK
15703,UK
16586,UK
15797,UK
13080,UK
14019,UK
18251,UK
17513,UK
12536,France
17737,UK
17684,UK
15551,UK
17233,UK
17637,UK
16402,UK
14713,UK
15845,UK
17707,UK
15938,UK
13158,UK
14534,UK
12956,UK
15452,UK
17893,UK
18120,UK
18072,UK
17892,UK
17962,UK
12425,Portugal
13364,UK
14801,UK
15468,UK
15525,UK
15882,UK
17277,UK
14188,UK
17175,UK
15031,UK
16712,UK
12613,Germany
16454,UK
14873,UK
15730,UK
12432,Norway
15507,UK
14265,Unspecified
15484,UK
15568,UK
16066,UK
14638,UK
12588,Finland
17942,UK
17685,UK
17128,UK
14591,UK
16484,UK
13991,UK
16866,UK
14533,UK
17309,UK
16468,UK
17078,UK
17908,UK
16510,UK
17961,UK
17591,UK
14107,UK
15563,UK
17343,UK
18179,UK
13301,UK
13501,Switzerland
13606,UK
12910,UK
15625,UK
13227,UK
17837,UK
17229,UK
16796,UK
15429,UK
16104,UK
13259,UK
13878,UK
12812,Japan
12618,Italy
12391,Cyprus
15115,UK
12587,Finland
13715,UK
15356,UK
17213,UK
15769,UK
12414,Austria
17457,UK
16951,UK
12931,UK
12623,Germany
17928,UK
13549,UK
17278,UK
13544,UK
16203,UK
14463,UK
14387,UK
13949,UK
14712,UK
17620,UK
17816,UK
17303,UK
14737,UK
13284,UK
16041,UK
13611,UK
17434,UK
16281,UK
14474,UK
12448,Spain
14971,UK
18006,UK
15634,UK
17017,UK
16883,UK
13807,UK
17372,UK
16686,UK
16767,UK
16434,UK
16115,UK
16427,UK
14350,UK
15483,UK
16062,UK
13314,UK
13979,UK
13635,UK
15121,UK
14598,UK
14904,UK
14578,UK
17227,UK
17702,UK
17251,UK
16317,UK
16546,UK
17644,UK
14441,UK
14790,UK
16224,UK
16915,UK
18036,UK
14206,UK
12840,UK
17051,UK
15152,UK
12516,Germany
15652,UK
15977,UK
13467,UK
13447,UK
17247,UK
14841,UK
13581,UK
13799,UK
16495,UK
17469,UK
17444,Canada
17788,UK
14171,UK
18273,UK
17573,UK
15006,UK
13471,UK
17468,UK
14954,UK
14577,UK
18044,UK
15197,UK
17002,UK
16057,UK
12428,Finland
14586,UK
18193,UK
12424,Australia
15206,UK
15315,UK
15099,UK
13727,UK
16781,UK
15808,UK
12913,UK
13050,UK
15379,UK
18260,UK
13004,UK
15204,UK
17602,UK
14304,UK
13381,UK
13509,UK
15861,UK
16620,UK
16063,UK
13561,UK
16275,UK
13070,UK
17531,UK
17414,UK
17351,UK
14002,UK
12436,Norway
13558,UK
13755,UK
12504,Germany
13332,UK
18176,UK
13082,UK
16306,UK
15916,UK
14744,UK
13824,UK
12842,UK
12582,Finland
13497,UK
13265,UK
13588,UK
13720,UK
16279,UK
17554,UK
17736,UK
15325,UK
18222,UK
17004,UK
18255,UK
13104,UK
14824,UK
14158,UK
16602,UK
13926,UK
12947,UK
14800,UK
16531,UK
17980,UK
16098,UK
15670,UK
17063,UK
14482,UK
16180,UK
16642,UK
13395,UK
13203,UK
14855,UK
13434,UK
18215,UK
17311,UK
18169,UK
12431,Australia
17377,UK
14560,UK
13951,UK
15643,UK
16214,UK
17931,UK
15530,UK
14619,UK
15214,UK
16099,UK
17987,UK
12644,Germany
14418,UK
17557,UK
15300,UK
13868,UK
17253,UK
16029,UK
16411,UK
15953,UK
17990,UK
16791,UK
18037,UK
17035,UK
12897,UK
16431,UK
14754,UK
13038,UK
13610,UK
15628,UK
13529,UK
13062,UK
14622,UK
18151,UK
16984,UK
13075,UK
17514,UK
16107,UK
14452,UK
16211,UK
17679,UK
17564,UK
17957,UK
17274,UK
15153,UK
14204,UK
12471,Germany
12793,Portugal
14702,UK
17917,UK
13198,UK
17069,UK
13149,UK
16072,UK
17663,UK
12781,Czech Republic
15319,UK
17060,UK
13900,UK
15561,UK
17658,UK
15611,UK
16929,UK
14198,UK
13430,UK
13882,UK
13460,UK
15870,UK
13079,UK
15540,UK
17379,UK
17346,UK
14491,UK
12557,Spain
14293,UK
17340,UK
14082,UK
16145,UK
17189,UK
12574,France
17431,UK
16804,UK
14766,UK
13803,UK
15381,UK
16175,UK
18146,UK
18158,UK
18135,UK
15603,UK
14113,UK
14652,UK
16177,UK
18127,UK
12478,Greece
13767,UK
16725,UK
12649,Germany
12957,UK
14257,UK
16897,UK
17105,UK
13571,UK
18009,UK
15952,UK
13223,UK
15402,UK
13895,UK
13614,UK
15988,UK
12442,Spain
16839,UK
16327,UK
17068,UK
17404,Sweden
13656,UK
13162,UK
14692,UK
14665,UK
13931,UK
18086,UK
17698,UK
15045,UK
13649,UK
17648,UK
15223,UK
17734,UK
16587,UK
16370,UK
12690,France
16764,UK
15829,UK
12865,Austria
13939,UK
17172,UK
13083,UK
13924,UK
17813,UK
14333,UK
13587,UK
17727,UK
14961,UK
13496,UK
15727,UK
12626,Germany
16471,UK
14041,UK
13262,UK
14920,UK
12379,Belgium
16178,UK
17037,UK
16354,UK
18019,UK
15165,UK
13148,UK
14415,UK
12451,Switzerland
14460,UK
12600,Germany
13394,UK
13722,UK
16096,UK
17190,UK
13681,UK
15885,UK
15322,UK
17785,UK
16491,UK
17901,UK
15877,UK
16210,UK
13958,UK
17677,UK
16125,UK
14030,UK
15224,UK
14462,UK
16350,UK
16757,UK
18250,UK
18257,UK
18196,UK
16841,UK
15304,UK
12547,Spain
12399,Belgium
16227,UK
17991,UK
13404,UK
18232,UK
16529,UK
14708,UK
15154,UK
13247,UK
14967,UK
15677,UK
14150,UK
16204,UK
13081,UK
13077,UK
14045,UK
13539,UK
15133,UK
13397,UK
13453,UK
12633,Germany
14367,UK
16383,UK
14758,UK
17115,UK
15123,UK
14338,UK
14803,UK
17693,UK
12716,France
12832,UK
15253,UK
13323,UK
17006,UK
16930,UK
12723,France
17545,UK
17985,UK
15699,UK
14788,UK
15005,UK
16656,UK
16395,UK
17071,UK
18172,UK
15416,UK
15125,UK
16374,UK
15630,UK
16483,UK
13849,UK
12422,Switzerland
15850,UK
15215,UK
13192,UK
16160,UK
12579,France
14881,UK
12791,Netherlands
17396,UK
13324,UK
14524,UK
15160,UK
17114,UK
13565,UK
13263,UK
14440,UK
14411,UK
13873,UK
16466,UK
14012,UK
14111,UK
16320,Unspecified
14038,UK
14551,UK
14241,UK
17391,UK
13745,UK
15411,UK
14236,UK
16533,UK
15994,UK
16884,UK
15619,UK
17838,UK
16812,UK
15939,UK
15033,UK
14386,UK
12365,Cyprus
15230,UK
17746,UK
16399,UK
15552,UK
16121,UK
15897,UK
16892,UK
17370,UK
13338,UK
16952,UK
15837,UK
14664,UK
14608,UK
17841,UK
14142,UK
13534,UK
16600,UK
12826,UK
13166,UK
16007,UK
17302,UK
15599,UK
13568,UK
13461,UK
16149,UK
14261,UK
14272,UK
15348,UK
15473,UK
15740,UK
13182,UK
17590,UK
14098,UK
16221,UK
15679,UK
12433,Norway
14081,UK
13094,UK
16817,UK
16202,UK
17820,UK
13168,UK
15189,UK
17075,UK
16700,UK
17314,UK
17083,UK
13044,UK
17325,UK
14817,UK
16092,UK
13781,UK
13122,UK
13485,UK
13213,UK
18112,UK
16012,UK
15618,UK
16820,UK
16594,UK
18192,UK
16895,UK
17964,UK
15332,Lithuania
14506,UK
17706,UK
16233,UK
16735,UK
14701,UK
13706,UK
14631,UK
17829,United Arab Emirates
14352,UK
16245,UK
13735,UK
13492,Switzerland
12615,France
16761,UK
17433,UK
14753,UK
18217,UK
15181,UK
14861,UK
13176,UK
13408,UK
17676,UK
12867,UK
12673,Germany
14549,UK
16027,UK
17512,UK
13261,UK
15695,UK
17900,UK
12648,Germany
14866,UK
13563,UK
16447,UK
17163,UK
15075,UK
16653,UK
15787,UK
13853,UK
16621,UK
14495,UK
17712,UK
17237,UK
12658,Germany
13013,UK
16931,UK
15965,UK
17696,UK
14878,UK
12724,France
17771,UK
13728,UK
13334,UK
15717,UK
14655,UK
13243,UK
15299,UK
12787,Netherlands
12895,UK
18059,UK
15948,UK
14216,UK
12357,Switzerland
16368,UK
17561,UK
14658,UK
18065,UK
14180,UK
18144,UK
13971,UK
15408,UK
16298,UK
14585,UK
16186,UK
17228,UK
17787,UK
13668,UK
16985,UK
14755,UK
14068,UK
16570,UK
14289,UK
17171,UK
12866,Belgium
17789,UK
13239,UK
13552,UK
13952,UK
14288,UK
16018,UK
14285,UK
14795,UK
13805,UK
16426,UK
14356,UK
13816,Germany
12371,Switzerland
17503,UK
17254,UK
13564,UK
15498,UK
16782,UK
12764,Lebanon
17356,UK
16768,UK
13121,UK
16209,UK
13479,UK
14383,UK
16861,UK
16240,UK
15754,UK
14416,UK
15900,UK
16811,UK
13596,UK
13255,UK
15235,UK
15827,UK
17126,UK
12782,Portugal
14976,UK
17463,UK
15940,UK
16030,UK
16667,UK
17535,UK
18280,UK
15648,UK
15855,UK
12729,France
12884,UK
14147,UK
12581,Germany
15651,UK
15557,UK
17211,UK
12647,Germany
14373,UK
13097,UK
14049,UK
17376,UK
15777,UK
17234,UK
15076,UK
18104,UK
13844,UK
15012,UK
13319,UK
15596,UK
13846,UK
18062,UK
14439,Greece
12505,Italy
12361,Belgium
12541,Spain
14422,UK
13021,UK
17096,UK
15917,UK
14689,UK
14888,UK
14177,UK
12397,Belgium
16295,UK
15773,UK
16244,UK
16150,UK
17819,UK
18171,UK
16222,UK
13837,UK
17426,UK
13908,UK
15047,UK
13072,UK
17388,UK
15537,UK
17656,UK
16340,UK
15466,UK
15344,UK
13348,UK
17181,UK
15883,UK
17885,UK
12950,UK
15097,UK
17179,UK
17849,UK
13707,UK
14620,UK
16031,UK
16357,UK
12871,UK
17871,UK
17739,UK
12517,Germany
16794,UK
15372,UK
13159,UK
12680,France
12906,UK
12740,France
13858,UK
14547,UK
12475,Germany
15748,UK
18123,UK
16660,UK
15060,UK
15992,UK
13267,UK
13842,UK
14159,UK
12484,Spain
16124,UK
16755,UK
14193,UK
16960,UK
13712,UK
18150,UK
12876,Belgium
18248,UK
16979,UK
12981,UK
16102,UK
16400,UK
13897,UK
14174,UK
13047,UK
18109,UK
14813,UK
12347,Iceland
13983,UK
16520,UK
17085,UK
12577,France
15093,UK
17389,UK
14657,UK
14572,UK
12945,UK
15249,UK
13863,UK
17362,UK
12878,UK
12733,USA
13320,UK
16813,UK
17133,UK
17695,UK
17312,UK
13414,UK
15263,UK
14488,UK
14029,UK
16171,UK
16773,UK
12847,UK
17600,UK
15725,UK
13576,UK
13455,UK
13033,UK
15312,UK
14514,UK
16387,UK
16913,UK
13870,UK
17800,UK
15145,UK
17582,UK
12573,France
15791,UK
14287,UK
17289,UK
16257,UK
15584,UK
12922,UK
16305,UK
16668,UK
17527,UK
12879,UK
14306,UK
15511,UK
13390,UK
12925,UK
13419,UK
17100,UK
17852,UK
14480,UK
15111,UK
13174,UK
18259,UK
16816,UK
12944,UK
12736,France
14587,UK
13340,UK
16778,UK
14988,UK
15734,UK
16424,UK
15238,UK
13936,UK
17157,UK
15232,UK
15198,UK
15500,UK
18126,UK
17203,UK
17125,UK
13697,UK
16671,UK
13732,UK
12921,UK
15028,UK
14040,UK
16918,UK
17239,UK
13591,UK
15265,UK
12417,Spain
16055,UK
16239,UK
17709,UK
14459,UK
18121,UK
17298,UK
13538,UK
14772,UK
15343,UK
15763,UK
16650,UK
17824,UK
16322,UK
18074,UK
18041,UK
15426,UK
14544,UK
15271,UK
12935,UK
13955,UK
15122,UK
14165,UK
18272,UK
14489,UK
15314,UK
12685,France
12638,Sweden
15450,UK
17010,UK
16442,UK
17418,UK
16912,UK
13973,UK
14875,UK
15442,UK
12354,Spain
12749,UK
13052,UK
15440,UK
18237,UK
13801,UK
13177,UK
15604,UK
18270,UK
16971,UK
12538,Spain
16607,UK
18095,UK
16359,UK
13527,UK
12468,Germany
14644,UK
17639,UK
12980,UK
14593,UK
16824,UK
15007,UK
18203,UK
15782,UK
15573,UK
18228,UK
16793,UK
13066,UK
16936,UK
17760,UK
17552,UK
17884,UK
15545,UK
16775,UK
16367,UK
13874,UK
16270,UK
17708,UK
12591,Italy
17348,UK
13285,UK
18173,UK
18129,UK
14286,UK
13719,UK
12802,Netherlands
16526,UK
14522,UK
15216,UK
16527,UK
13536,UK
14910,UK
17520,UK
16015,UK
15022,UK
13416,UK
16347,UK
13672,UK
13107,UK
17255,UK
17508,Greece
14059,UK
14075,UK
16170,UK
15891,UK
13417,UK
17110,UK
16450,UK
13930,UK
16173,UK
13278,UK
14093,UK
15520,UK
17026,UK
13068,UK
15981,UK
12845,UK
12456,Switzerland
14626,UK
13885,UK
14451,UK
17411,UK
16690,UK
16183,UK
16601,UK
12682,France
14205,UK
17894,UK
17368,UK
16493,UK
15316,UK
12989,UK
18138,UK
16283,UK
13466,UK
16614,UK
15585,UK
12816,Poland
15004,UK
17466,UK
13017,UK
13448,UK
18168,UK
14083,UK
16241,UK
12530,Germany
16551,UK
16496,UK
15971,UK
12458,Switzerland
16678,UK
16097,UK
13835,UK
14359,UK
16020,UK
13049,UK
16079,UK
14080,UK
18216,UK
18014,UK
16168,UK
15078,UK
14229,UK
13993,UK
17667,UK
14223,UK
13055,UK
13737,UK
16739,UK
14937,Channel Islands
15175,UK
15993,UK
15659,UK
18154,UK
17511,UK
16770,UK
18061,UK
17857,UK
16746,UK
12678,France
15984,UK
15367,UK
14235,UK
13481,UK
16131,UK
14222,UK
17891,UK
15149,UK
12610,Italy
16272,UK
15472,UK
13670,UK
16380,UK
16372,UK
13093,UK
15646,UK
15298,UK
14298,UK
15146,UK
15062,UK
14762,UK
15665,UK
12593,France
17410,UK
15252,UK
18165,UK
14862,UK
13350,UK
13938,UK
14911,EIRE
17967,UK
15513,UK
16519,UK
15329,UK
15346,UK
15107,UK
16156,UK
15935,UK
17718,UK
17422,UK
16448,UK
17703,UK
17122,UK
17183,UK
16136,UK
16685,UK
17425,UK
15598,UK
15010,UK
17530,UK
18075,UK
17742,UK
12643,France
13875,UK
15240,UK
14036,UK
16518,UK
12834,UK
12994,UK
13988,UK
13515,UK
16418,UK
15036,UK
14024,UK
13352,UK
16561,UK
15113,UK
12596,Spain
17153,UK
16343,UK
16800,UK
16218,UK
15581,UK
16011,UK
15392,UK
13458,UK
13600,UK
18211,UK
14633,UK
16906,UK
16643,UK
14998,UK
13101,UK
16038,UK
12974,UK
16849,UK
12809,Portugal
15335,UK
15904,UK
15260,UK
15192,UK
17848,UK
17786,UK
16225,UK
16652,UK
18142,UK
16091,UK
16682,UK
14704,UK
16461,UK
15120,UK
14116,UK
16612,UK
13704,UK
17354,UK
15732,UK
12567,France
17236,UK
17188,UK
16945,UK
12415,Australia
16326,UK
17118,UK
15737,UK
14339,UK
16103,UK
16942,UK
16226,UK
14891,UK
13330,UK
13947,UK
16566,UK
17502,UK
17510,UK
13468,UK
14733,UK
13140,UK
16255,UK
13313,UK
15589,UK
15554,UK
17678,UK
17142,UK
14640,UK
14453,UK
17594,UK
17131,UK
13886,UK
15478,UK
14539,UK
12720,Germany
13627,UK
14016,EIRE
15910,UK
12990,UK
13804,UK
14632,UK
14262,UK
17058,UK
17930,UK
16235,UK
13016,UK
16309,UK
15417,UK
13566,UK
14139,UK
14716,UK
17381,UK
14443,UK
16795,UK
14101,UK
14662,UK
14540,UK
16045,UK
17725,UK
17550,UK
14152,UK
15810,UK
13037,UK
16644,UK
13682,UK
15839,UK
14660,UK
15360,UK
15275,UK
12660,France
13090,UK
14060,UK
18223,UK
14099,UK
18198,UK
15518,UK
14215,UK
15110,UK
13717,UK
14282,UK
14535,UK
13308,UK
15925,UK
18155,UK
15051,UK
13994,UK
15261,UK
12689,France
15469,UK
15766,UK
15886,UK
18130,UK
14698,UK
15654,UK
18276,UK
12441,France
17456,UK
16134,UK
12383,Belgium
12477,Germany
17374,UK
17769,UK
12937,UK
16777,UK
12622,Germany
17522,UK
13555,UK
17642,UK
13833,UK
13823,UK
15243,UK
17528,UK
16730,UK
14345,UK
15539,UK
16988,UK
13117,UK
16710,UK
17880,UK
14057,UK
17288,UK
14709,UK
15532,UK
15279,UK
12474,Germany
13859,UK
15764,UK
16040,UK
17921,UK
12457,Switzerland
12562,France
16967,UK
17193,UK
17073,UK
12783,Portugal
14815,UK
17295,UK
18030,UK
17812,UK
15021,UK
12621,Germany
15512,UK
13183,UK
12868,UK
12609,Germany
13012,UK
13975,UK
13268,UK
14450,UK
13499,UK
16229,UK
16966,UK
14259,UK
18282,UK
12445,Spain
16376,UK
12725,Italy
14810,UK
14667,UK
13963,UK
16801,UK
17262,UK
16697,UK
17217,UK
17560,UK
18160,UK
16969,UK
17562,UK
14808,UK
13291,UK
16488,UK
15193,UK
15836,UK
15427,UK
16056,UK
17403,UK
15790,UK
15713,UK
16923,UK
17214,UK
14825,UK
14978,UK
12421,Spain
17180,UK
18202,UK
17770,UK
16957,UK
18010,UK
16142,UK
14311,UK
13692,UK
13867,UK
14597,UK
17960,UK
12704,Finland
13200,UK
15663,UK
13726,UK
14020,UK
16119,UK
14234,UK
16000,UK
17975,UK
15640,UK
16083,UK
15290,UK
13782,UK
17515,UK
14194,UK
13085,UK
13899,UK
15140,UK
14711,UK
13570,UK
12463,Belgium
13989,UK
14022,UK
13888,UK
16184,UK
16963,UK
17360,UK
13589,UK
13780,UK
12851,UK
13210,UK
15488,UK
17666,UK
17119,UK
13673,UK
16569,UK
14161,UK
15889,UK
13030,UK
15194,UK
17722,UK
17375,UK
16805,UK
16714,UK
12599,France
17334,UK
17472,UK
12933,UK
13226,UK
15433,UK
17409,UK
12701,Germany
15108,European Community
13003,UK
15081,UK
12406,Denmark
12688,Israel
14250,UK
13354,UK
12718,France
15255,UK
15355,UK
15847,UK
13520,Switzerland
14739,UK
17341,UK
16549,UK
14239,UK
16842,UK
15543,UK
17138,UK
13716,UK
14693,UK
17979,UK
16788,UK
12717,Greece
13655,UK
17367,UK
17939,UK
14517,UK
17086,UK
16284,UK
17839,UK
15318,UK
14307,UK
17097,Spain
15723,UK
17147,UK
13344,UK
16625,UK
13358,UK
15669,UK
14886,UK
13376,UK
13229,UK
18024,UK
13933,UK
13504,UK
15863,UK
14714,UK
17835,UK
17080,UK
17385,UK
16552,UK
15485,UK
17999,UK
17790,UK
17230,UK
14672,UK
16850,UK
15179,UK
13494,UK
14211,UK
14245,UK
15756,UK
15119,UK
17652,UK
15237,UK
16624,UK
16880,UK
13271,UK
17052,UK
14087,UK
16455,UK
17491,UK
15361,UK
15046,UK
15395,UK
16043,UK
16398,UK
17492,UK
17972,UK
15134,UK
15804,UK
16324,UK
13300,UK
15035,UK
14951,UK
16574,UK
17313,UK
12617,France
16423,UK
12349,Italy
15973,UK
18043,UK
17524,UK
14401,UK
12705,Germany
14243,UK
16449,UK
13043,UK
12514,Italy
15832,UK
17212,UK
17906,UK
15655,UK
12930,UK
13827,UK
16900,UK
18005,UK
16887,UK
16784,UK
12452,Switzerland
16583,UK
14606,UK
17287,UK
16393,UK
16719,UK
14907,UK
17419,UK
13869,UK
15139,UK
13629,UK
12502,Spain
12509,France
13474,UK
18177,UK
14948,UK
15757,UK
17949,UK
14178,UK
12691,France
14406,UK
16910,UK
15807,UK
16432,UK
17221,UK
16401,UK
12970,UK
16938,UK
16403,UK
14530,UK
12714,France
15722,UK
14670,UK
14870,UK
13821,UK
15068,UK
12348,Finland
15745,UK
15095,UK
13657,UK
16341,UK
17265,UK
16536,UK
16438,UK
13282,UK
16236,UK
16688,UK
15385,UK
16759,UK
17806,UK
17869,UK
13451,UK
12539,Spain
17609,UK
16726,UK
16349,UK
12778,Netherlands
14446,UK
16806,UK
15743,UK
12837,UK
17173,UK
14050,UK
17640,UK
12572,Germany
14434,UK
16855,UK
17384,UK
17581,UK
12359,Cyprus
14175,UK
17940,UK
17994,UK
12823,UK
16672,UK
14512,UK
16965,UK
13450,UK
16076,UK
14901,UK
15947,UK
15399,UK
14710,UK
18240,UK
16345,UK
15830,UK
18178,UK
16556,UK
17064,UK
18093,UK
15104,UK
17738,UK
14023,UK
16185,UK
12429,Austria
17888,UK
15041,UK
15958,UK
16478,UK
14537,UK
17534,UK
13322,UK
17757,UK
13531,UK
13969,UK
14146,UK
14553,UK
17284,UK
12553,France
13615,UK
13901,UK
15967,UK
15415,UK
14157,UK
16414,UK
14214,UK
13934,UK
15528,UK
17697,UK
14148,UK
16750,UK
12976,UK
15405,UK
13856,UK
12962,UK
13748,UK
12965,UK
12752,Norway
12550,Spain
14052,UK
17523,UK
17920,UK
14078,UK
15752,UK
17809,UK
16717,UK
17358,UK
12637,France
12916,UK
13744,UK
17775,UK
15258,UK
13642,UK
14583,UK
17176,UK
16147,UK
12364,Belgium
12488,France
13193,UK
16179,UK
17595,UK
13758,UK
14849,UK
12427,Germany
16926,UK
13495,UK
12651,France
12524,Germany
12854,UK
15065,UK
14895,UK
13708,UK
14840,UK
17723,UK
14503,UK
13513,UK
12497,Germany
14173,UK
14984,UK
17897,UK
17951,UK
16477,UK
18055,UK
17517,UK
13851,UK
13684,UK
17049,UK
15172,UK
16319,UK
16810,UK
16009,UK
13489,UK
16474,UK
16101,UK
13422,UK
17148,UK
17878,UK
14140,UK
18274,UK
12738,Germany
14176,UK
12877,UK
17585,UK
18136,UK
13110,UK
13848,UK
13362,UK
14740,UK
16250,UK
17047,UK
12535,France
13510,UK
14327,UK
13519,UK
13914,UK
17038,UK
14300,UK
14804,UK
12797,Portugal
15246,UK
14051,UK
17516,UK
14504,UK
17861,UK
13731,UK
15594,UK
14364,UK
17768,UK
16302,UK
14529,UK
13032,UK
13067,UK
16460,UK
16909,UK
15088,UK
17222,UK
17359,UK
16446,UK
16456,UK
15465,UK
18219,UK
14428,UK
15579,UK
15709,UK
17765,UK
13508,UK
17574,UK
12639,Sweden
14240,UK
18170,UK
15130,UK
14918,UK
16613,UK
15678,UK
16826,UK
15556,UK
16033,UK
13113,UK
12476,Germany
16191,UK
12758,Portugal
14546,UK
17588,UK
16756,UK
14280,UK
13248,UK
15016,UK
16200,UK
16669,UK
12952,UK
13980,UK
16260,UK
15482,UK
14636,UK
13838,UK
15211,UK
16907,UK
14525,UK
17450,UK
13700,UK
18056,UK
17462,UK
16152,UK
15775,UK
14273,UK
17946,UK
17155,UK
17969,UK
14332,UK
15706,UK
17345,UK
16361,UK
17905,UK
17855,UK
16858,UK
16086,UK
13124,UK
15144,UK
15656,UK
16392,UK
17398,UK
16987,UK
13972,UK
12808,Portugal
15289,UK
13379,UK
14894,UK
16708,UK
13040,UK
16025,UK
13034,UK
15987,UK
17692,UK
16670,UK
15059,UK
15245,UK
13027,UK
15053,UK
12560,Germany
14005,UK
15866,UK
16198,UK
13429,UK
13845,UK
17030,UK
17934,UK
17733,UK
16914,UK
13277,UK
15781,UK
15287,UK
17796,UK
15811,UK
17095,UK
16351,UK
12527,Germany
13654,UK
16626,UK
16469,UK
12393,Australia
14905,UK
13238,UK
16829,UK
18180,UK
16480,UK
13694,UK
14309,UK
14320,UK
16409,UK
13208,UK
15632,UK
17669,UK
17501,UK
14649,UK
15825,UK
12453,Austria
17357,UK
16666,UK
14594,UK
13269,UK
16863,UK
14684,UK
14114,UK
15213,UK
17621,UK
13232,UK
13632,UK
13258,UK
14859,UK
16744,UK
17653,UK
18167,UK
13524,UK
13483,UK
15432,UK
14793,UK
15862,UK
12971,UK
14210,UK
15894,UK
17576,UK
15514,UK
17865,UK
15454,UK
16473,UK
15203,UK
12676,Sweden
13865,UK
14470,UK
15906,UK
13060,UK
14154,UK
12620,France
12987,UK
14963,UK
15069,UK
17386,UK
12438,Norway
12534,Germany
16017,UK
13126,UK
12429,Denmark
13225,UK
15854,UK
15687,UK
13871,UK
18218,UK
14538,UK
12670,France
17955,UK
14651,UK
12993,UK
12710,Germany
14021,UK
15920,UK
16706,UK
14208,UK
18205,UK
16762,UK
17566,UK
12839,UK
12377,Switzerland
16042,UK
16133,UK
16187,UK
12728,France
14852,UK
15976,UK
18241,UK
14921,UK
17490,UK
13940,UK
17883,UK
12390,Belgium
14015,UK
17973,UK
14449,UK
15038,UK
14032,UK
15288,UK
13157,UK
15241,UK
16572,UK
14232,UK
14851,UK
17797,UK
16247,UK
15550,UK
14972,UK
18200,UK
13889,UK
16924,UK
16758,UK
14138,UK
14923,UK
14528,UK
14385,UK
17567,UK
17406,UK
17339,UK
16034,UK
13385,UK
12744,Singapore
16419,UK
17323,UK
18068,UK
12948,UK
15116,UK
16825,UK
17584,UK
15247,UK
13355,UK
17633,UK
13890,UK
18053,UK
15096,UK
14618,UK
17968,UK
16904,UK
14625,UK
14715,UK
15421,UK
14959,UK
13956,UK
15150,UK
13410,UK
16696,UK
16639,UK
16617,UK
17974,UK
16258,UK
12843,UK
17898,UK
13887,UK
16205,UK
12521,Germany
16053,UK
12571,France
12822,UK
16140,UK
16848,UK
15025,UK
13091,UK
15996,UK
12672,France
16321,Australia
14501,UK
12775,Netherlands
18149,UK
15244,UK
14844,UK
15436,UK
17670,UK
15907,UK
16141,UK
15050,UK
18088,UK
13272,UK
14031,UK
16016,UK
13680,UK
15719,UK
17634,UK
12388,Australia
13008,UK
13002,UK
17226,UK
13630,UK
14297,UK
13562,UK
17704,UK
17970,UK
13663,UK
14141,UK
17481,UK
14432,UK
15341,UK
14164,UK
16627,UK
13349,UK
16293,UK
16385,UK
12668,Germany
14472,UK
18283,UK
13187,UK
12356,Portugal
16997,UK
14770,UK
17027,UK
18231,UK
16517,UK
14226,UK
14868,UK
15517,UK
16637,UK
12750,Poland
16330,UK
14420,UK
16747,UK
16982,UK
12454,Spain
17084,UK
14966,UK
14898,UK
16558,UK
13092,UK
13854,UK
12423,Belgium
13029,UK
17018,UK
16515,UK
15370,UK
14935,Channel Islands
12431,Belgium
17135,UK
15393,UK
14930,Channel Islands
17272,UK
12695,France
16581,UK
14437,UK
14055,UK
16008,UK
12646,USA
13607,UK
17977,UK
14725,UK
13058,UK
14419,UK
12494,France
15090,UK
15303,UK
16208,UK
15712,UK
12679,France
14995,UK
15874,UK
12949,UK
14323,UK
17630,UK
14104,UK
16998,UK
12518,Germany
13127,UK
15610,UK
16190,UK
12552,Italy
15708,UK
12747,UK
15838,UK
14505,UK
17611,UK
16885,UK
12413,France
12779,Poland
18161,UK
12528,Germany
12836,UK
17672,UK
14379,UK
16571,UK
14408,UK
14377,UK
14834,UK
13136,UK
15826,UK
13791,UK
17779,UK
16278,UK
16603,UK
14757,UK
18096,UK
12856,UK
16776,UK
12611,Italy
16516,UK
16164,UK
13449,UK
18080,UK
16024,UK
12628,Germany
14777,UK
14047,UK
13240,UK
17158,UK
18050,UK
12924,UK
15696,UK
17673,UK
14543,UK
15228,UK
14247,UK
15388,Canada
15410,UK
16348,UK
16628,UK
13741,UK
16128,UK
16464,UK
13594,UK
15844,UK
12985,UK
13189,UK
17402,UK
14932,Channel Islands
16701,UK
14669,UK
15626,UK
15262,UK
15497,UK
13141,UK
16425,UK
17654,UK
16808,UK
16729,UK
12694,France
15700,UK
16174,UK
14108,UK
12589,France
12920,UK
17936,UK
14256,UK
16554,UK
15339,UK
13502,UK
15109,UK
12447,Belgium
17436,UK
18287,UK
16633,UK
13343,UK
14143,UK
13470,UK
13860,UK
15930,UK
17279,UK
12702,Germany
15363,UK
12963,UK
12585,Germany
13551,UK
17034,UK
16005,UK
13771,UK
14277,France
15912,UK
12358,Austria
17754,UK
12381,Norway
13359,UK
14856,UK
15054,UK
15419,UK
15148,UK
17191,UK
16779,UK
17392,UK
13233,UK
14507,UK
18230,UK
14360,UK
15103,UK
15398,UK
13639,UK
15208,UK
17614,UK
17205,UK
16048,UK
17690,UK
17198,UK
15880,UK
16705,UK
16112,UK
15881,UK
14794,UK
16609,UK
17042,UK
14958,UK
17932,UK
12624,France
14837,UK
15074,UK
12519,Germany
15821,UK
16243,UK
18042,UK
13028,UK
17895,UK
14968,UK
12659,France
15061,UK
13787,UK
14426,UK
14346,UK
14077,UK
17631,UK
17874,UK
17124,UK
15608,UK
13276,UK
14487,UK
13245,UK
16752,UK
13011,UK
14573,UK
18156,UK
16422,UK
18077,UK
12645,Germany
14805,UK
14502,UK
14776,UK
14048,UK
13819,UK
14570,UK
17204,UK
13015,UK
12378,Switzerland
16451,UK
16215,UK
15366,UK
14089,UK
16412,UK
15592,UK
14295,UK
12883,UK
13880,UK
12481,Germany
15856,UK
15044,UK
14913,UK
16745,UK
16462,UK
17589,UK
15774,UK
17924,UK
15414,UK
14703,UK
12479,Germany
13418,UK
17976,UK
13370,UK
17243,UK
17091,UK
17735,UK
15101,UK
16996,UK
13753,UK
15676,UK
14934,Channel Islands
17700,UK
15819,UK
12407,Belgium
15624,UK
12506,France
16153,UK
12394,Belgium
16050,UK
13919,Denmark
15541,UK
15396,UK
12991,UK
13411,UK
15307,UK
14467,UK
12762,Portugal
17540,UK
15621,UK
15373,UK
15351,UK
13764,UK
15447,UK
13659,UK
17162,UK
13750,UK
17043,UK
13883,UK
13918,UK
17615,UK
13990,UK
14421,UK
12590,Germany
13814,Germany
12418,Switzerland
16362,UK
16108,UK
12923,UK
14592,UK
17863,UK
15694,UK
13327,UK
17799,UK
16122,UK
12578,Italy
14389,UK
18145,UK
15132,UK
14128,UK
14747,UK
16763,UK
18073,UK
17252,UK
13224,UK
16404,UK
14554,UK
15463,UK
16535,UK
14237,UK
13305,UK
14796,UK
18016,UK
17496,UK
12489,France
14548,UK
16573,UK
13493,Switzerland
17416,UK
13476,UK
16809,UK
13760,UK
17160,UK
17597,UK
12697,Sweden
14034,UK
14079,UK
14508,UK
17475,UK
12491,France
12532,France
12831,UK
16528,UK
15689,UK
12875,UK
17094,UK
15843,UK
15909,UK
14218,UK
16838,UK
14915,UK
14601,UK
13382,UK
18174,UK
18113,UK
12370,Austria
16852,UK
18147,UK
16881,UK
16557,UK
16071,UK
17201,UK
16377,UK
14100,UK
16698,UK
16680,UK
16109,UK
13441,UK
16482,UK
13792,UK
16634,UK
15661,UK
14860,UK
12790,Netherlands
16611,UK
13321,UK
17154,UK
17879,UK
16545,UK
13298,UK
15030,UK
14964,UK
15267,UK
12394,Denmark
13946,UK
17926,UK
15286,UK
17117,UK
12403,Denmark
15945,UK
15063,UK
15219,UK
14354,UK
13503,UK
18233,UK
13841,UK
13299,UK
14117,UK
15504,UK
17680,UK
13638,UK
13962,UK
14661,UK
16159,UK
17330,UK
14785,UK
13984,UK
17486,UK
17440,UK
13270,UK
14798,UK
14494,UK
17701,UK
17929,UK
13144,UK
15739,UK
15098,UK
15212,UK
12548,Spain
12346,UK
17291,UK
16976,UK
17877,UK
16591,UK
12795,Portugal
12755,Japan
15043,UK
14981,UK
16138,UK
15899,UK
16619,UK
17556,UK
14819,UK
13295,UK
12818,Austria
15368,UK
14355,UK
14438,UK
17498,UK
17948,UK
16989,UK
14929,UK
14555,UK
18105,UK
13666,UK
12457,Cyprus
13161,UK
14423,UK
16968,UK
13135,UK
18281,UK
13279,UK
18066,UK
16181,UK
14569,UK
17694,UK
12666,Israel
15944,UK
17079,UK
17767,UK
14761,UK
18087,UK
16584,UK
15565,UK
13904,UK
18058,UK
17194,UK
17446,UK
14518,UK
13146,UK
16123,UK
15823,UK
17941,UK
16692,UK
15333,UK
15342,UK
17714,UK
16217,UK
17483,UK
15277,UK
18220,UK
17317,UK
16213,UK
16338,UK
14314,UK
16737,UK
15350,UK
12829,UK
12929,UK
16106,UK
14752,UK
13045,UK
12665,Germany
13689,UK
15347,UK
17353,UK
14806,UK
12882,UK
13108,UK
13169,UK
13892,UK
13790,UK
13065,UK
17830,UK
17101,UK
12863,UK
14119,UK
13929,UK
12756,Japan
15380,UK
13059,UK
13669,UK
16287,UK
13484,UK
18256,UK
13710,UK
12789,Netherlands
12650,France
13786,UK
13763,UK
15423,UK
15733,UK
14054,UK
12565,Saudi Arabia
15400,UK
12798,Japan
13103,UK
13242,UK
16337,UK
14908,UK
17206,UK
16659,UK
16276,UK
15014,UK
18278,UK
14641,UK
15017,UK
17881,UK
14513,UK
15222,UK
14997,UK
15567,UK
12995,UK
16597,UK
17844,Canada
14681,UK
14500,UK
15428,UK
15057,UK
14792,UK
14053,UK
15330,UK
14351,UK
16851,UK
14124,UK
15178,UK
12817,Austria
15612,UK
16078,UK
14457,UK
15364,UK
15445,UK
17174,UK
16162,UK
17123,UK
16927,UK
14185,UK
17526,UK
15124,UK
14666,UK
15199,UK
16457,UK
17548,UK
12605,Germany
18141,UK
15607,UK
15412,UK
15653,UK
17866,UK
16789,UK
15649,UK
17046,UK
14238,UK
18099,UK
18040,UK
16292,UK
14436,UK
13937,UK
13525,UK
15018,UK
16917,UK
15389,UK
16658,UK
15462,UK
15692,UK
13986,UK
13826,UK
16623,UK
14424,UK
14890,UK
16846,UK
13325,UK
12917,UK
13283,UK
12873,UK
13778,UK
17120,UK
15758,UK
17549,UK
17761,UK
13347,UK
15422,UK
17572,UK
17382,UK
14340,UK
14213,UK
16113,UK
15168,UK
13976,UK
17166,UK
15729,UK
16282,UK
15590,UK
12734,France
14609,UK
14046,UK
16428,UK
13145,UK
15266,UK
13967,UK
14760,UK
17430,UK
17616,UK
14687,UK
13120,UK
13006,UK
14865,UK
13703,UK
12821,UK
16093,UK
14326,UK
14836,UK
18227,UK
18194,UK
15744,UK
14027,UK
16308,UK
17053,UK
14219,UK
17065,UK
17958,UK
16006,UK
16641,UK
13514,UK
14248,UK
15135,UK
17500,UK
14039,UK
16610,UK
17601,UK
15937,UK
14542,UK
16506,UK
13747,UK
16256,UK
15749,UK
16878,UK
14627,UK
17044,UK
13809,Cyprus
18269,UK
17455,UK
16665,UK
14699,UK
12864,UK
17011,UK
13482,UK
15668,UK
17394,UK
16828,UK
16555,UK
12450,Spain
16532,UK
15374,UK
13512,UK
13391,UK
13228,UK
14764,UK
18224,UK
17408,UK
14196,UK
16114,UK
15986,UK
14816,UK
13436,UK
15776,UK
17307,UK
12814,Poland
13218,UK
13216,UK
14520,UK
15256,UK
16565,UK
14853,UK
14987,UK
12977,UK
18084,UK
16716,UK
13699,UK
16742,UK
18184,UK
17165,UK
14682,UK
14616,UK
17547,UK
14199,UK
14155,UK
13992,UK
13751,UK
15397,UK
17024,UK
13307,UK
18246,UK
15562,UK
15759,UK
14589,UK
14821,UK
13922,UK
17715,UK
16262,UK
13645,UK
15691,UK
12522,Germany
12968,UK
12641,Sweden
16248,UK
15728,UK
13106,UK
17443,Canada
13877,UK
13207,UK
13194,UK
17448,UK
16344,UK
17995,UK
15083,UK
17427,UK
16148,UK
12870,UK
16315,UK
13217,UK
15221,UK
17553,UK
13256,UK
17986,UK
12908,UK
13185,UK
12888,UK
17186,UK
15313,UK
16995,UK
12353,Bahrain
14946,UK
16986,UK
15180,UK
13188,UK
14705,UK
16323,UK
16990,UK
13154,UK
17896,UK
13829,UK
13832,UK
16429,UK
16542,UK
17956,UK
16061,UK
17763,UK
13302,UK
16144,UK
15802,UK
17347,UK
14603,UK
13403,UK
17102,UK
15042,UK
14090,UK
15638,UK
12984,UK
13366,UK
15657,UK
12855,UK
17029,UK
16953,UK
14576,UK
17331,UK
17752,UK
15118,UK
12943,UK
15369,UK
15753,UK
13099,UK
16579,UK
17923,UK
18268,UK
13452,UK
15070,UK
16765,UK
15524,UK
17536,UK
17846,UK
15510,UK
16738,UK
14679,UK
17925,UK
NULL,France
NULL,Unspecified
NULL,EIRE
NULL,Hong Kong
NULL,Israel
NULL,UK
NULL,Switzerland
NULL,Portugal
NULL,Bahrain
